suspect_id,name,occupation,nationality,age,height_cm,weight_kg,total_spent,num_transactions
1,William Jennings,"Designer, television/film set",Germany,56.0,165.0,52.0,6494.72,53
2,Lesley Wilson-Newman,"Engineer, communications",Italy,69.0,188.0,90.0,4914.24,43
3,Abdul Hopkins,Trade union research officer,Canada,46.0,154.0,94.0,2887.32,24
4,Mrs Lauren Green,Corporate investment banker,Isle of Man,32.0,1.71,67.0,32497.94,28
5,Tina Foster,Fitness centre manager,Portugal,60.0,178.0,96.0,4355.72,30
6,Nigel Edwards,Associate Professor,Costa Rica,25.0,152.0,85.0,4372.07,35
7,Abdul Burton-Patterson,Quarry manager,Isle of Man,38.0,161.0,96.0,4863.62,41
8,Sarah Reed-Walsh,Meteorologist,Macao,56.0,175.0,71.0,7362.33,55
10,Dr Lee Green,"Civil engineer, contracting",New Zealand,40.0,186.0,96.0,7050.73,54
11,Eleanor Baker,"Scientist, clinical (histocompatibility and immunogenetics)",Uruguay,28.0,171.0,57.0,7129.71,55
12,Wayne Gough,Company secretary,Latvia,28.0,178.0,89.0,4526.85,39
13,Bernard Wilkinson-Simpson,Higher education careers adviser,Tunisia,41.0,163.0,98.0,5130.27,45
14,Mrs Julia Harris,Charity officer,Thailand,53.0,177.0,93.0,30904.300000000003,25
15,Dylan Young,"Designer, multimedia",Saint Pierre and Miquelon,57.0,154.0,68.0,7345.77,54
17,Geoffrey Griffin,"Production assistant, television",Bahamas,20.0,198.0,90.0,88288.56,36
18,Megan Taylor,Scientific laboratory technician,Romania,39.0,179.0,86.0,4722.24,38
19,Miss Carole Woods,Data processing manager,Burundi,19.0,195.0,55.0,7323.14,60
20,Ms Sheila Evans,Press sub,Maldives,41.0,154.0,75.0,4868.31,43
21,Aaron Harrison,"Chemist, analytical",Cote d'Ivoire,61.0,161.0,83.0,3999.92,31
22,Brandon Hammond,Environmental education officer,Monaco,47.0,165.0,94.0,2937.88,23
23,Graham Wilkinson,"Production designer, theatre/television/film",Greece,55.0,175.0,55.0,11907.09,52
24,Amanda Hall,Magazine journalist,Panama,19.0,175.0,86.0,37767.259999999995,27
25,Frances Holmes-Lloyd,Aid worker,Lesotho,38.0,197.0,82.0,5529.49,43
26,Mrs Pauline Fuller,Patent examiner,Malta,50.0,170.0,71.0,2634.23,21
27,Dr Marc Phillips,Astronomer,Honduras,29.0,188.0,70.0,7308.2300000000005,59
28,Ruth Hawkins,Occupational hygienist,Germany,39.0,185.0,55.0,4023.72,30
29,Ms Jill Morley,Retail buyer,Zimbabwe,61.0,182.0,55.0,5330.68,51
30,Bernard Wilkins,Midwife,China,42.0,179.0,97.0,5773.61,39
31,Catherine Morris,Fashion designer,Kuwait,66.0,186.0,53.0,6293.08,54
33,Dr Paula Lloyd,Ceramics designer,Martinique,59.0,159.0,60.0,3909.06,32
34,Kathryn Hughes,Minerals surveyor,Guam,45.0,154.0,79.0,7292.55,56
35,Mr William Gould,Environmental manager,Mayotte,33.0,185.0,80.0,3167.17,24
36,Bethan Oliver,Air broker,Guinea,32.0,183.0,73.0,14072.69,39
37,Lorraine Palmer,"Investment banker, operational",Philippines,64.0,180.0,58.0,12286.9,30
38,Arthur Smith,Child psychotherapist,Sierra Leone,68.0,159.0,52.0,6580.73,57
39,Christopher Davies,Legal executive,Trinidad and Tobago,61.0,168.0,80.0,3889.49,31
40,Bethan Young,Dancer,Saint Helena,69.0,181.0,89.0,4333.55,36
41,Dr Danny Cook,"Copywriter, advertising",Pitcairn Islands,20.0,150.0,86.0,10271.18,53
42,Marion Steele-Harper,Arboriculturist,Norway,54.0,154.0,85.0,6900.67,51
44,Alexander Taylor,Public house manager,Puerto Rico,24.0,153.0,80.0,4030.15,32
45,Frances Buckley-Ryan,Corporate treasurer,Estonia,38.0,165.0,55.0,12886.119999999999,32
46,Ms Kayleigh Watson,"Psychotherapist, child",New Zealand,26.0,173.0,51.0,5658.83,49
47,David Anderson,"Production assistant, radio",Liberia,56.0,165.0,69.0,8522.960000000001,54
48,John Griffiths,Warden/ranger,Congo,35.0,151.0,77.0,36316.299999999996,52
49,Miss Alice Tomlinson,"Accountant, chartered public finance",Egypt,21.0,198.0,60.0,4941.87,37
50,Simon Cunningham,Cartographer,Fiji,42.0,177.0,53.0,20385.85,40
51,Joshua Stewart,Advertising account executive,Moldova,31.0,181.0,64.0,8229.11,57
52,Philip Clarke,Furniture conservator/restorer,French Southern Territories,67.0,176.0,55.0,52331.52,22
53,Henry O'Brien,"Engineer, structural",Czech Republic,26.0,169.0,98.0,14786.49,61
54,Leon Davison,Dealer,Western Sahara,43.0,173.0,79.0,6432.57,50
55,Kayleigh Mitchell,Sports therapist,French Southern Territories,19.0,161.0,87.0,3934.02,30
57,Victor Patel,"Secretary, company",France,45.0,184.0,64.0,6264.74,52
58,Eric O'Neill,Pharmacologist,Romania,64.0,182.0,60.0,18930.170000000002,59
60,Martyn Wilson,Homeopath,Portugal,61.0,192.0,75.0,3500.32,26
61,Sarah Hammond,Field seismologist,Romania,25.0,186.0,94.0,4877.3,40
62,Robert Wilson,Illustrator,Liechtenstein,64.0,161.0,93.0,2505.64,23
63,Maria Bruce,Community development worker,Ghana,52.0,152.0,54.0,2966.16,26
64,Olivia King,Art gallery manager,Lesotho,31.0,150.0,55.0,12380.23,21
65,Kayleigh Daniels,Field trials officer,Guernsey,34.0,182.0,75.0,6233.09,49
66,Gerard Jones,Personnel officer,Monaco,53.0,189.0,53.0,6592.36,46
67,Dr Dennis Bates,Writer,Vietnam,67.0,159.0,68.0,3868.08,31
68,Lydia Williams,"Programmer, systems",Vietnam,57.0,192.0,69.0,6702.3,58
70,Hazel Lambert,Clinical psychologist,Saint Helena,19.0,178.0,69.0,5907.07,47
71,Adam Long,Restaurant manager,Falkland Islands (Malvinas),23.0,162.0,98.0,8486.07,57
72,Leslie Roberts-Griffiths,"Therapist, speech and language",France,59.0,161.0,61.0,21859.079999999998,55
73,Barbara Wilkinson,Social worker,British Virgin Islands,21.0,180.0,96.0,6381.19,57
75,Harry Gardiner,"Scientist, biomedical",Philippines,35.0,151.0,75.0,6338.96,50
76,Melissa Mann,"Teacher, special educational needs",Mayotte,43.0,199.0,63.0,6566.14,59
77,Mr Peter Riley,Financial controller,Hong Kong,61.0,184.0,87.0,3741.19,32
78,Thomas Morgan,Cytogeneticist,Ukraine,51.0,172.0,86.0,4607.59,38
79,Mr Jake Stevenson,"Horticulturist, amenity",Indonesia,27.0,166.0,60.0,2840.93,22
80,Kenneth Taylor,"Pilot, airline",Svalbard & Jan Mayen Islands,53.0,175.0,85.0,46148.54,30
81,Jennifer Lamb,Accommodation manager,Guatemala,31.0,157.0,62.0,6603.57,55
82,Miss Carole Hussain,Volunteer coordinator,Zimbabwe,48.0,178.0,92.0,22158.100000000002,48
83,Ricky Adams-Jones,Manufacturing engineer,Sierra Leone,65.0,175.0,52.0,7625.31,53
84,Stephanie Lloyd,Financial adviser,Spain,32.0,159.0,82.0,22046.71,44
86,Sally George,Pension scheme manager,French Guiana,31.0,183.0,99.0,5635.52,44
87,Shane Kerr,"Embryologist, clinical",Armenia,40.0,190.0,59.0,3718.75,36
88,Mr Matthew Hunt,Chartered certified accountant,France,57.0,156.0,54.0,6332.46,50
89,Lucy Rees,"Scientist, research (physical sciences)",Zimbabwe,38.0,153.0,72.0,2510.05,26
90,Hazel Taylor,Media planner,Rwanda,33.0,199.0,59.0,2678.78,22
91,Mrs Ruth Smith,Broadcast journalist,Belgium,62.0,194.0,93.0,6394.77,49
92,Michael Bibi,Secondary school teacher,Guatemala,35.0,160.0,51.0,4687.66,37
93,Miss Danielle Martin,Sport and exercise psychologist,Uzbekistan,64.0,178.0,62.0,4741.57,39
94,Charles Smith-Byrne,"Runner, broadcasting/film/video",Kenya,41.0,185.0,89.0,5116.35,38
97,Adam Ford,Advertising account planner,San Marino,62.0,185.0,50.0,3206.22,27
100,Beverley Lee,Armed forces logistics/support/administrative officer,Cook Islands,32.0,158.0,66.0,3856.74,33
101,Derek Talbot-Scott,Naval architect,Sweden,62.0,173.0,58.0,3889.46,32
102,Arthur Bailey,Midwife,Mauritania,18.0,184.0,60.0,20044.8,49
103,Dr Mohamed Webb,Forensic scientist,Faroe Islands,42.0,198.0,64.0,5605.47,52
104,Holly Clark,"Administrator, sports",Venezuela,24.0,184.0,73.0,4742.08,43
105,Julia Bryan,Marketing executive,Monaco,26.0,197.0,87.0,2591.84,23
106,Sylvia Kelly-Ward,Broadcast journalist,Qatar,41.0,185.0,84.0,4478.4800000000005,29
107,Elliott Davis,Location manager,Faroe Islands,18.0,167.0,79.0,7052.2,53
108,Duncan Smith,Financial adviser,Burundi,61.0,198.0,80.0,28146.280000000002,36
109,Mr Jordan Thomson,Civil Service administrator,Botswana,25.0,188.0,98.0,7450.8,53
110,Dr Daniel Harper,Television camera operator,Nicaragua,41.0,181.0,54.0,6758.53,51
111,Mr Stanley Robinson,Learning mentor,Saint Vincent and the Grenadines,28.0,173.0,93.0,14342.59,46
112,Melissa Fisher,Contracting civil engineer,Namibia,68.0,172.0,99.0,15184.460000000001,49
113,Mrs Victoria Tucker,Armed forces operational officer,Dominican Republic,34.0,181.0,63.0,17515.45,61
114,Keith Kaur-Lee,Management consultant,Ecuador,25.0,186.0,60.0,4144.0,39
115,Martyn Kennedy,Sports coach,Australia,52.0,161.0,58.0,42840.33,21
116,Nicola Brookes,Lexicographer,Paraguay,52.0,198.0,83.0,7077.1,49
117,Mr Antony Kelly,Economist,United Kingdom,50.0,162.0,61.0,20361.09,26
118,Charlene Webb,"Psychologist, forensic",Marshall Islands,22.0,172.0,84.0,3414.89,25
119,Dr Dylan Morris,Quality manager,Czech Republic,59.0,174.0,84.0,3742.94,30
120,Amanda Simpson,"Education officer, environmental",Northern Mariana Islands,56.0,184.0,50.0,33543.01,27
121,Mr Russell Jennings,Control and instrumentation engineer,Djibouti,58.0,190.0,89.0,7820.18,57
123,Harry Phillips,"Programmer, systems",Bolivia,,166.0,78.0,2476.39,25
124,Mr Karl Carr,Animator,Isle of Man,26.0,198.0,57.0,4567.63,34
125,Dr Jamie Ryan,Hospital doctor,Greenland,25.0,169.0,60.0,4564.74,29
126,Clive Rogers,"Engineer, drilling",Saint Barthelemy,29.0,197.0,90.0,41893.39,49
127,Mr Nathan Brown,Armed forces logistics/support/administrative officer,Latvia,51.0,174.0,86.0,5237.04,40
128,Suzanne Mills,"Engineer, communications",Bolivia,50.0,171.0,63.0,4161.3,35
129,Mr Bradley Parsons,Architectural technologist,Pitcairn Islands,65.0,162.0,79.0,6957.95,57
130,Marc Davies,Interpreter,Sierra Leone,40.0,168.0,84.0,5426.61,43
131,Dr Stephen Clark,Insurance claims handler,Burundi,41.0,198.0,70.0,5883.57,41
132,Louise Jackson-Robinson,"Scientist, biomedical",Albania,54.0,185.0,86.0,4820.96,37
133,Michelle Anderson,Occupational therapist,Mexico,52.0,1.61,54.0,5163.55,45
134,Miss Marion Butler,Speech and language therapist,Vanuatu,61.0,190.0,68.0,5740.37,46
135,Kevin Cooper,Public librarian,Cayman Islands,57.0,168.0,63.0,7131.4,54
137,Charlie Winter-Bennett,Animator,Palau,44.0,158.0,53.0,32067.06,28
138,Glenn Peters,"Engineer, aeronautical",Vietnam,52.0,156.0,74.0,7834.7,60
139,Albert Chapman-Williams,Higher education lecturer,Turkmenistan,18.0,177.0,94.0,2651.1,22
141,Benjamin Peters,Art gallery manager,Lebanon,54.0,180.0,74.0,9199.13,24
142,Tina Gordon-Miles,Learning disability nurse,Lesotho,64.0,168.0,67.0,5318.42,46
143,Miss Julia Clarke,Government social research officer,Pakistan,31.0,196.0,89.0,18541.88,40
144,Dr Annette Morris,Company secretary,Cook Islands,20.0,165.0,57.0,4434.39,40
145,Cheryl Pearce,Mental health nurse,Saudi Arabia,18.0,154.0,88.0,3860.66,27
146,Mrs Kathleen Hussain,Press sub,France,22.0,184.0,89.0,6734.59,45
148,Kenneth Lewis,Printmaker,France,31.0,174.0,81.0,5839.73,48
149,Mr Hugh Cunningham,Nature conservation officer,Oman,56.0,170.0,87.0,14844.49,41
150,Mohamed Parkinson,"Librarian, academic",Bahamas,44.0,185.0,82.0,3308.21,25
151,Mrs Elaine Davies,"Embryologist, clinical",United States of America,26.0,,72.0,18302.0,61
152,Sandra Kennedy,Research scientist (maths),Seychelles,32.0,165.0,64.0,6946.3,59
153,Lesley Robinson,Research scientist (medical),Benin,32.0,188.0,82.0,6763.89,53
154,Alan Murphy,Mental health nurse,Pakistan,43.0,194.0,74.0,5803.87,39
155,Gerard Chamberlain,"Scientist, physiological",Montserrat,59.0,191.0,66.0,4396.36,37
156,Alex Hughes-Smith,"Geologist, engineering",Djibouti,30.0,188.0,82.0,6579.71,45
158,Mr Phillip Lloyd,Photographer,Saint Vincent and the Grenadines,49.0,180.0,51.0,3888.33,36
159,Dr Peter Bevan,Careers information officer,Saint Kitts and Nevis,56.0,154.0,63.0,7645.79,52
160,Mr Julian Browne,Planning and development surveyor,Thailand,66.0,184.0,89.0,6676.92,56
161,Brett Hill,Town planner,Vietnam,69.0,172.0,89.0,4329.3,35
162,Joel Stephens,Education administrator,Argentina,49.0,178.0,88.0,3397.83,28
163,Dr Stewart Sharp,Sports administrator,United States Minor Outlying Islands,21.0,192.0,55.0,6852.12,50
164,Allan Burke,Hospital doctor,Uruguay,47.0,160.0,55.0,3397.63,30
165,Francis Bartlett,IT sales professional,China,54.0,167.0,52.0,3372.32,24
166,Frank Power-Mitchell,"Civil engineer, contracting",Israel,40.0,196.0,56.0,5135.99,43
167,Dr Elliot Jones,Cartographer,Turkmenistan,56.0,161.0,57.0,4561.55,37
168,Valerie Williams,Land,Taiwan,62.0,158.0,91.0,3778.16,25
169,Gareth Henry-Goodwin,Hotel manager,Christmas Island,32.0,159.0,64.0,5710.9,46
170,Simon Khan,Information officer,Vietnam,60.0,193.0,96.0,3616.14,21
172,Kenneth Collins-Miles,Toxicologist,Argentina,53.0,187.0,82.0,4441.3,32
173,Donald Sanderson,Physiological scientist,Taiwan,30.0,156.0,79.0,15342.42,44
174,Anna McCarthy,Dietitian,Indonesia,49.0,195.0,88.0,6130.36,49
176,Stacey Burns,Make,Lithuania,68.0,189.0,85.0,5673.56,51
177,Dr Sara Morris,Product manager,Colombia,39.0,191.0,78.0,37918.75,27
178,Josh Bartlett,Archivist,Vietnam,45.0,158.0,87.0,4017.89,30
180,Stephen McCarthy,Volunteer coordinator,Tunisia,59.0,176.0,86.0,5605.21,42
181,Declan Roberts,"Presenter, broadcasting",Vanuatu,62.0,151.0,76.0,6075.05,50
182,Jake Gray-Bell,Haematologist,French Guiana,23.0,154.0,82.0,13422.25,28
183,Vincent Payne,Barista,Turkey,45.0,178.0,53.0,6247.08,42
184,Mrs Patricia Graham,Cabin crew,Argentina,45.0,186.0,71.0,12619.89,60
185,Kate Clayton,"Optician, dispensing",Algeria,61.0,187.0,51.0,3520.57,27
186,Janice Mills-Murphy,Medical physicist,French Southern Territories,61.0,168.0,59.0,14921.86,41
187,Dr Olivia Mitchell,Scientific laboratory technician,Montenegro,37.0,157.0,54.0,24083.05,40
188,Dr Malcolm Lee,"Designer, jewellery",Netherlands,47.0,197.0,59.0,1e+35,54
190,Melanie Wilson,Customer service manager,Vanuatu,45.0,150.0,87.0,17654.989999999998,24
191,Gail Thomas,Translator,Grenada,42.0,171.0,62.0,6325.39,46
192,Catherine Ryan,Primary school teacher,Finland,56.0,166.0,80.0,5507.62,46
193,Dorothy Wyatt,Animal nutritionist,Korea,50.0,156.0,96.0,2629.32,23
194,Jenna Davies,Computer games developer,Norway,18.0,174.0,85.0,14619.23,31
195,Raymond Hall,Broadcast engineer,Mayotte,44.0,194.0,94.0,22089.84,55
196,Sheila Thompson-Jenkins,Fashion designer,Malta,69.0,153.0,73.0,4110.73,37
197,Kevin Hobbs-O'Brien,Medical technical officer,Lithuania,30.0,185.0,64.0,3426.99,30
198,Michelle Whitehead-Murray,Medical illustrator,Tuvalu,58.0,155.0,78.0,6103.04,42
199,Declan Walker,Music therapist,Wallis and Futuna,20.0,180.0,57.0,5784.76,49
200,Dr Sandra Wallis,Tax adviser,Burkina Faso,56.0,168.0,54.0,5432.66,43
201,Terry Smith-Harrison,Amenity horticulturist,Thailand,23.0,193.0,78.0,5500.18,52
202,Amelia Foster-O'Neill,Trade union research officer,Madagascar,25.0,188.0,96.0,2936.72,21
203,Michael Ward,"Designer, exhibition/display",Lao People's Democratic Republic,44.0,176.0,53.0,3616.68,28
204,Miss Janet Lowe,"Production assistant, television",Faroe Islands,26.0,159.0,61.0,7196.34,55
205,Mrs Anna Fuller,Metallurgist,Congo,54.0,175.0,94.0,4720.76,37
206,Alexandra Hunt,Meteorologist,Sudan,50.0,168.0,51.0,6009.76,49
207,Bernard Goddard,"Producer, radio",Bouvet Island (Bouvetoya),68.0,188.0,76.0,7760.44,50
208,Ms Amber Arnold,Camera operator,Greenland,59.0,152.0,80.0,6799.4,59
209,Cheryl Mann-Powell,"Teacher, secondary school",Central African Republic,61.0,194.0,85.0,8393.56,60
210,Donald Williams,"Copywriter, advertising",Saint Martin,41.0,162.0,85.0,7735.65,50
211,Bryan Phillips-Barton,Senior tax professional/tax inspector,Kuwait,32.0,199.0,75.0,3587.36,32
214,Karl Holt,Interior and spatial designer,Saint Barthelemy,41.0,177.0,54.0,4414.49,41
217,Miss Hilary Harrison,Clothing/textile technologist,Saint Pierre and Miquelon,66.0,188.0,59.0,16912.19,42
219,Alice Atkinson,Electronics engineer,Somalia,69.0,152.0,87.0,4226.78,33
220,Ricky Reed,Restaurant manager,French Polynesia,29.0,162.0,55.0,4564.3,44
221,Frank Berry-Hughes,"Scientist, marine",Montenegro,56.0,177.0,57.0,6516.88,51
222,Mr Jordan Harris,Naval architect,Peru,19.0,198.0,72.0,3144.5299999999997,25
223,Ms Natasha Adams,"Surveyor, planning and development",Saudi Arabia,20.0,174.0,96.0,7204.68,57
224,Dr Julia Hill,Commercial/residential surveyor,Congo,66.0,182.0,75.0,6266.75,54
225,Miss Stacey Campbell,Garment/textile technologist,China,54.0,187.0,95.0,4103.56,35
226,Natasha Smith-O'Neill,Gaffer,New Zealand,66.0,155.0,92.0,4266.37,36
228,Leigh Gallagher,"Engineer, site",Northern Mariana Islands,66.0,194.0,75.0,4379.96,33
229,Jodie White,Veterinary surgeon,Ukraine,19.0,181.0,62.0,5792.66,49
230,Marcus Anderson,Higher education lecturer,Iraq,19.0,194.0,89.0,17055.06,43
231,Alison Doyle,Recycling officer,Sweden,45.0,196.0,67.0,4627.26,35
232,Ms Kathleen Brown,"Engineer, communications",Japan,40.0,170.0,74.0,3875.78,28
233,Philip Robertson,Community education officer,Malaysia,54.0,165.0,82.0,4170.17,29
234,Julia Harris,Control and instrumentation engineer,Greece,49.0,170.0,96.0,2519.83,22
235,Frances Taylor,"Buyer, retail",Benin,,160.0,89.0,4853.38,40
236,Lee Wong,Production engineer,Iran,18.0,186.0,92.0,10671.47,45
237,Patrick Jones,Drilling engineer,Paraguay,36.0,185.0,61.0,6091.25,49
238,Ronald Gallagher,"Producer, television/film/video",Bhutan,19.0,184.0,93.0,8137.21,57
239,Hayley Singh,Chartered loss adjuster,Colombia,61.0,168.0,85.0,3791.98,31
240,Kevin Fuller,IT consultant,Burundi,43.0,169.0,97.0,3996.13,36
241,Dr Deborah Mellor,"Loss adjuster, chartered",Lesotho,49.0,167.0,53.0,2842.37,25
242,Richard Hayes,Bookseller,Gibraltar,23.0,196.0,54.0,5198.37,41
243,Dr Luke Turner,Statistician,Vietnam,49.0,190.0,86.0,4125.13,35
244,Ashleigh Miller,Special effects artist,Egypt,21.0,198.0,57.0,3171.09,21
246,Amber Palmer,Hydrologist,Eritrea,34.0,164.0,98.0,4174.24,30
247,Kieran Taylor,"Designer, industrial/product",Hungary,55.0,180.0,77.0,4921.22,36
248,Miss Ruth Houghton,Ecologist,Dominica,41.0,150.0,80.0,5855.72,49
249,Adam May,Medical illustrator,Kiribati,22.0,152.0,58.0,5044.25,38
250,Aimee Kelly,Rural practice surveyor,Sao Tome and Principe,69.0,165.0,78.0,7068.52,54
251,Simon Fraser,Environmental manager,Ethiopia,51.0,172.0,63.0,5407.89,39
252,Julia Tucker,Community development worker,Zimbabwe,23.0,160.0,89.0,7270.91,57
253,Yvonne Price,"Engineer, control and instrumentation",Greenland,39.0,161.0,90.0,20780.64,59
254,Damian Harris,Corporate treasurer,Gabon,28.0,159.0,71.0,5298.18,37
255,Dawn Goddard,Fast food restaurant manager,Myanmar,65.0,181.0,60.0,3287.6,24
256,Julian Hammond-Barnes,"Research officer, political party",Saint Kitts and Nevis,33.0,165.0,72.0,5515.82,50
258,Kirsty Clark,Media planner,Algeria,26.0,187.0,95.0,4911.04,38
259,Josephine Bray,"Surveyor, building",Eritrea,23.0,161.0,86.0,6939.65,54
261,Hilary Morris-Pearce,"Merchandiser, retail",Guyana,46.0,177.0,75.0,5917.22,48
262,Beverley Harvey-Holmes,"Psychologist, sport and exercise",Puerto Rico,20.0,157.0,95.0,3950.44,33
263,Reece Hewitt-Knight,Structural engineer,Dominica,37.0,177.0,85.0,6071.15,47
264,Gerald Francis,"Conservation officer, nature",Bahamas,53.0,185.0,72.0,4316.62,32
265,Alexandra Hunter,Veterinary surgeon,Papua New Guinea,36.0,175.0,50.0,4054.25,31
266,Malcolm Payne,Chartered legal executive (England and Wales),British Indian Ocean Territory (Chagos Archipelago),43.0,157.0,89.0,6035.28,46
267,Hazel Lee,Brewing technologist,Lao People's Democratic Republic,20.0,199.0,64.0,3633.11,27
268,Billy Watson,Insurance broker,Gambia,36.0,177.0,70.0,4446.7300000000005,32
270,Mr Damian Reynolds,Quality manager,Iraq,49.0,186.0,58.0,5856.1,41
271,Bradley Clayton,Secondary school teacher,Poland,24.0,190.0,58.0,7162.21,51
272,Charlie Thomson,Paediatric nurse,Macao,69.0,185.0,59.0,3794.51,32
273,Jordan Jones,Outdoor activities/education manager,Uzbekistan,58.0,176.0,75.0,6454.04,49
274,Miss Georgia Davies,"Teacher, special educational needs",Ukraine,50.0,166.0,90.0,6618.98,51
276,Gareth Adams,Comptroller,Romania,56.0,182.0,74.0,3864.04,34
278,Georgia Clark-Clements,"Buyer, retail",Georgia,57.0,162.0,60.0,5159.6,45
279,Mr Hugh Taylor,"Production assistant, television",Portugal,18.0,177.0,87.0,7354.86,54
280,Russell Holloway,"Psychologist, prison and probation services",British Indian Ocean Territory (Chagos Archipelago),28.0,197.0,51.0,12255.34,22
281,Jeremy Johnson,"Scientist, forensic",Northern Mariana Islands,45.0,178.0,56.0,5214.36,37
282,Terry Williams,Local government officer,United States Virgin Islands,42.0,,67.0,4184.13,37
284,Dawn Williams,Structural engineer,French Polynesia,40.0,184.0,83.0,3958.59,31
287,Julia Brown-Miles,"Conservation officer, nature",Cyprus,59.0,154.0,92.0,6388.05,47
288,Amy Hall,Police officer,Cyprus,52.0,196.0,93.0,21140.72,36
289,Josephine Lee,Retail buyer,Burkina Faso,24.0,174.0,73.0,6358.93,57
290,Jacob Bond,Automotive engineer,Lesotho,33.0,151.0,74.0,6952.32,43
291,Lynne Lee-Robinson,Company secretary,Cape Verde,43.0,159.0,56.0,5134.39,40
292,Carole Fisher,"Scientist, marine",Korea,65.0,179.0,55.0,3616.59,27
293,Ms Abbie Buckley,"Designer, ceramics/pottery",San Marino,69.0,199.0,73.0,7670.77,58
294,Janet White,Industrial buyer,New Caledonia,66.0,194.0,82.0,3472.72,24
295,Dr Ronald McDonald,"Development worker, international aid",Holy See (Vatican City State),19.0,154.0,98.0,5579.86,41
296,Aaron Perry,"Designer, television/film set",Israel,18.0,182.0,78.0,34621.58,28
297,Leanne Smart-Jackson,IT trainer,Reunion,65.0,150.0,92.0,5161.48,43
298,Duncan Taylor,Equality and diversity officer,Mexico,29.0,167.0,71.0,4958.49,41
299,Max Jones,Logistics and distribution manager,United States Minor Outlying Islands,22.0,181.0,75.0,4070.24,29
301,Mr Damien Smith,Herpetologist,Saudi Arabia,49.0,198.0,99.0,6415.29,51
304,Ms Mandy Arnold,"Engineer, chemical",Papua New Guinea,52.0,175.0,56.0,7563.85,58
305,Lynda Arnold,Structural engineer,Sweden,36.0,174.0,66.0,8548.48,58
306,Mrs Beverley Spencer,Haematologist,Cuba,65.0,171.0,69.0,2408.49,22
308,Ms Lisa Jones,Immunologist,Egypt,20.0,198.0,98.0,3284.88,26
309,Judith Johnson-Simmons,Volunteer coordinator,Pitcairn Islands,37.0,162.0,69.0,9048.22,55
310,Maria Davis,"Social research officer, government",Saudi Arabia,41.0,182.0,71.0,12389.9,25
311,Dr Sam Johnson,Chief Financial Officer,Nepal,50.0,183.0,77.0,8395.65,60
312,Dr Mathew Fowler,Retail buyer,Tunisia,41.0,190.0,89.0,2806.64,23
313,Elaine Yates,Dispensing optician,Solomon Islands,69.0,184.0,98.0,4422.1,31
314,Pauline Morris-Williams,"Therapist, drama",Belgium,28.0,150.0,56.0,6287.07,48
315,Ellie Campbell,Telecommunications researcher,Malta,66.0,170.0,50.0,6559.02,52
316,Melissa Thompson,"Designer, exhibition/display",Kiribati,25.0,,81.0,3406.13,31
317,Lauren Thomas-Coles,Dramatherapist,Marshall Islands,53.0,155.0,62.0,10736.470000000001,22
318,Eleanor Patel-Lane,Trade union research officer,Romania,55.0,177.0,79.0,7087.42,55
319,Russell Armstrong,Leisure centre manager,Guyana,57.0,166.0,72.0,6362.64,44
320,Mr Graham Jarvis,"Surveyor, rural practice",Belarus,37.0,154.0,68.0,6433.41,51
321,Karl Bibi,Architectural technologist,United States Virgin Islands,52.0,180.0,81.0,5854.41,44
322,Rachael Walker,Air cabin crew,Mongolia,,154.0,79.0,15929.73,40
326,Deborah Williams,Geochemist,Mexico,46.0,186.0,78.0,14465.28,35
327,Miss Frances Hunt,"Engineer, materials",United Kingdom,35.0,186.0,79.0,4464.25,36
328,Malcolm Murphy-Atkins,"Teacher, music",Madagascar,63.0,159.0,65.0,29598.77,58
330,Antony Allen,Waste management officer,Montserrat,19.0,168.0,68.0,3332.63,26
331,Sean Brown-Burke,Airline pilot,Mauritania,52.0,166.0,67.0,7115.76,57
332,Miss Rebecca Armstrong,Research scientist (medical),Canada,33.0,170.0,50.0,5135.22,41
333,Peter Walker,Sports administrator,Chad,58.0,163.0,63.0,21977.73,58
334,Frederick Lee-Cooke,Horticultural consultant,Greece,53.0,158.0,96.0,35405.94,48
335,Mr Leon Roberts,Immigration officer,Timor-Leste,50.0,195.0,99.0,2641.91,24
336,Ellie Bates,Radiation protection practitioner,Mali,21.0,150.0,51.0,6935.71,51
337,Annette Davey-Read,Financial risk analyst,Kenya,50.0,194.0,77.0,5911.65,44
338,Brian Johnson,"Optician, dispensing",Brazil,31.0,162.0,98.0,7557.15,59
339,Brandon Thomas,Human resources officer,Pitcairn Islands,38.0,153.0,99.0,7392.14,53
340,Dr Andrew Jackson,Professor Emeritus,Costa Rica,65.0,150.0,79.0,12837.15,58
341,Gary Green-Harris,"Buyer, industrial",Saint Barthelemy,37.0,198.0,87.0,4607.59,30
344,Jennifer Smith-West,Printmaker,Bermuda,20.0,183.0,57.0,5848.73,41
345,Sean Morris,Pathologist,United Arab Emirates,34.0,177.0,78.0,16184.92,32
346,Mrs Joan Robson,Radio broadcast assistant,Malawi,50.0,180.0,88.0,3707.31,32
347,Jade Taylor,"Psychologist, forensic",Kiribati,65.0,157.0,52.0,3746.14,28
348,Tom Robinson-Morgan,"Engineer, electronics",Sudan,29.0,188.0,81.0,43886.119999999995,30
349,Dr Jordan Pearson,"Librarian, public",Azerbaijan,68.0,175.0,59.0,4560.76,36
350,Holly Wilkinson,Training and development officer,Korea,39.0,183.0,59.0,7324.74,58
351,Jeffrey Davies,Cytogeneticist,Bulgaria,39.0,152.0,68.0,18956.98,32
352,Wayne Jackson,Intelligence analyst,Malaysia,63.0,199.0,95.0,4911.38,39
353,Dr Alexander Davies,"Investment banker, operational",Israel,47.0,161.0,83.0,4646.94,38
354,James Bibi,Location manager,Korea,55.0,150.0,82.0,7257.93,56
355,Ben Austin,Oceanographer,Mongolia,55.0,193.0,72.0,4821.86,36
356,Josephine Collins,"Conservator, furniture",Azerbaijan,62.0,154.0,77.0,6250.33,51
357,Dr Bruce Atkins,Metallurgist,Monaco,68.0,179.0,81.0,4668.45,38
358,Mrs Diane Thomas,"Scientist, biomedical",Kyrgyz Republic,25.0,179.0,99.0,7211.87,50
360,Sophie Henry,Claims inspector/assessor,Sri Lanka,44.0,197.0,78.0,2792.31,22
361,Joseph McCarthy,"Investment banker, operational",Gambia,51.0,196.0,57.0,16526.15,44
362,Dr Francesca Cox,Financial controller,Saint Kitts and Nevis,38.0,172.0,50.0,13041.6,25
363,Lynne Waters,"Psychologist, prison and probation services",Angola,47.0,164.0,52.0,2267.2200000000003,21
364,Dr Mohammad Miles,Community education officer,Indonesia,50.0,186.0,73.0,3326.92,22
365,Christine Marshall-Brennan,"Geologist, engineering",Equatorial Guinea,45.0,170.0,72.0,3440.42,28
367,Amelia Owen,Firefighter,Afghanistan,50.0,151.0,,5022.0199999999995,32
368,Antony Long,Counsellor,Samoa,22.0,160.0,86.0,50664.11,46
369,Barbara Morgan-Wells,Chief Strategy Officer,Cuba,65.0,188.0,52.0,2402.29,22
370,Dr Jordan Adams,Arts administrator,Mozambique,36.0,187.0,82.0,7301.18,52
371,Stanley Anderson,Horticultural therapist,Barbados,21.0,183.0,77.0,3952.33,30
372,Jessica Fitzgerald,Music tutor,Aruba,52.0,187.0,96.0,7522.0,57
373,Samantha Greenwood,Warden/ranger,Jamaica,66.0,199.0,57.0,5243.88,37
374,Janet Burke,Personal assistant,Guatemala,34.0,183.0,83.0,4820.55,38
375,Stuart Grant,Fish farm manager,Reunion,61.0,167.0,84.0,10162.94,22
376,Mr Roger Russell,"Designer, jewellery",Bahrain,45.0,179.0,81.0,5148.31,43
377,Mr Ashley Taylor,Land,Mauritius,47.0,164.0,73.0,7786.18,59
378,Emily Henderson,Technical brewer,Bahamas,46.0,176.0,63.0,3171.1,28
379,Mr William Benson,Intelligence analyst,Vietnam,63.0,183.0,81.0,27221.89,32
380,Emily Brown,Energy manager,Uganda,23.0,187.0,95.0,3015.11,25
381,Mr Billy Turnbull,"Designer, jewellery",Bangladesh,52.0,182.0,92.0,13130.42,29
382,Holly Barnett,Research scientist (physical sciences),Vietnam,58.0,173.0,65.0,2515.3,21
383,Rhys Carey-Morris,"Scientist, biomedical",Latvia,54.0,164.0,53.0,5893.0199999999995,44
385,Bryan Griffiths,Research scientist (physical sciences),France,46.0,191.0,70.0,5493.13,41
386,Jamie Harding,Insurance account manager,Ireland,66.0,166.0,63.0,4497.94,35
388,Danny Robson,Advice worker,Seychelles,48.0,178.0,97.0,2985.88,24
389,Marilyn Baker,Chemical engineer,Burkina Faso,52.0,153.0,67.0,6605.67,48
390,Mrs Grace Edwards,"Nurse, learning disability",Seychelles,50.0,159.0,56.0,24944.31,58
391,Alan Sutton,Risk analyst,Norway,69.0,166.0,59.0,4791.95,34
392,Ms Charlotte Clarke,"Programmer, systems",Saint Lucia,38.0,159.0,56.0,34359.590000000004,38
394,Ben Palmer-Anderson,"Engineer, structural",Italy,40.0,169.0,72.0,5259.51,40
395,Carole Lowe-Sykes,Television production assistant,Holy See (Vatican City State),50.0,173.0,70.0,7832.55,57
396,Mr Toby Horton,Manufacturing engineer,Uganda,20.0,154.0,68.0,5548.82,43
397,Mr Robin Price,Art therapist,Hong Kong,35.0,183.0,97.0,20108.260000000002,47
398,Chelsea Cook,Arts administrator,Kiribati,42.0,155.0,68.0,5052.14,41
399,Marc Sanderson,Herbalist,Trinidad and Tobago,59.0,151.0,85.0,4129.64,33
400,Sally Pugh,"Research officer, trade union",United States Virgin Islands,48.0,162.0,78.0,2737.19,22
401,Scott Patel,"Therapist, speech and language",United States of America,20.0,192.0,67.0,5667.8,45
402,Amelia Preston,"Psychotherapist, dance movement",Honduras,57.0,192.0,51.0,5491.93,43
403,Joanne Lee,Higher education lecturer,Honduras,63.0,197.0,50.0,3361.02,27
404,Alexandra Glover,Software engineer,Belgium,41.0,160.0,96.0,5114.66,45
405,Christian Barker-Humphreys,Actuary,Pitcairn Islands,67.0,196.0,54.0,3965.13,34
406,Leonard Moore,Clinical cytogeneticist,Panama,49.0,172.0,69.0,5144.58,35
407,Benjamin Ali,Plant breeder/geneticist,Tunisia,64.0,165.0,60.0,2488.65,21
408,Dr Richard Morgan,Contractor,Mauritius,39.0,180.0,91.0,4586.82,43
410,Howard Kelly,Medical secretary,Palau,19.0,165.0,52.0,6603.09,56
412,Melanie Brady,Medical secretary,Guernsey,59.0,153.0,61.0,6978.59,53
413,Mrs Olivia Allen,Armed forces technical officer,British Indian Ocean Territory (Chagos Archipelago),19.0,189.0,69.0,6603.21,51
414,Dr Leonard Simpson,Oncologist,Christmas Island,43.0,153.0,54.0,10740.12,36
415,Mr Leon Murray,Arts development officer,Mauritania,34.0,174.0,86.0,12636.33,27
416,Dr Stephen Gardner,"Teacher, early years/pre",India,57.0,152.0,87.0,47452.3,56
417,Dean Woodward-Dodd,"Surveyor, planning and development",Marshall Islands,50.0,181.0,79.0,4466.07,34
418,Rachel Sullivan,"Engineer, broadcasting (operations)",Brunei Darussalam,26.0,152.0,58.0,5045.72,43
419,Mrs Rachel Cox,Medical laboratory scientific officer,Saint Lucia,60.0,176.0,83.0,5742.54,41
420,Joanne Morris,Surgeon,Czech Republic,65.0,178.0,93.0,6598.87,51
421,Paige Burton,Homeopath,Syrian Arab Republic,56.0,181.0,84.0,6232.07,50
424,Mr Tom Reeves,Retail merchandiser,Angola,43.0,170.0,73.0,4982.2300000000005,43
425,Mohamed Douglas,"Production designer, theatre/television/film",French Southern Territories,52.0,154.0,66.0,6831.42,51
426,Ross Carroll,Statistician,Kyrgyz Republic,67.0,167.0,59.0,16336.57,45
427,Molly Clark,Health service manager,Peru,42.0,177.0,79.0,7915.44,60
428,Mrs Jean Davies,Youth worker,Saint Helena,41.0,191.0,95.0,3072.42,24
430,Gemma Quinn-Robinson,Commissioning editor,Jamaica,24.0,170.0,81.0,5934.38,45
431,Sarah Martin,"Conservation officer, historic buildings",Martinique,53.0,155.0,66.0,4453.46,32
432,Diane Miller,Chief Strategy Officer,Hong Kong,62.0,150.0,99.0,-9999999999997230.0,21
433,Maureen O'Neill-Stephenson,"Nurse, mental health",Swaziland,37.0,154.0,66.0,5833.74,45
434,Ms Emily Palmer,Midwife,Denmark,18.0,190.0,63.0,3261.68,27
435,Geoffrey Knight-Lee,"Librarian, academic",Egypt,25.0,161.0,58.0,14393.78,29
436,Dr Alan Frost,"Surveyor, insurance",Kuwait,63.0,175.0,89.0,3549.4,29
437,Michael Williams-Nicholls,Medical secretary,Guatemala,33.0,195.0,51.0,5299.26,46
439,Reece Ellis,"Engineer, civil (contracting)",Falkland Islands (Malvinas),29.0,198.0,74.0,3109.51,28
440,Miss Amy Gibbons,Town planner,Comoros,68.0,163.0,88.0,6842.68,54
442,Jeremy Nicholson-Watts,Operational investment banker,Turkey,32.0,194.0,71.0,7028.86,58
443,Marion Fox,"Restaurant manager, fast food",Saint Kitts and Nevis,45.0,176.0,92.0,6348.05,45
444,Simon Byrne,Architect,Serbia,51.0,158.0,95.0,6511.09,51
445,Judith Morton-Marsh,Armed forces technical officer,Bouvet Island (Bouvetoya),19.0,175.0,53.0,3945.26,36
446,Kathryn Parkinson,Arboriculturist,Antigua and Barbuda,49.0,196.0,,8392.31,24
447,Conor O'Connor,"Copywriter, advertising",Sudan,40.0,171.0,78.0,16632.78,35
448,Dr Clive Wood,"Lecturer, further education",Panama,39.0,196.0,94.0,4844.42,35
449,Mr Terence Webb,Public relations account executive,Italy,68.0,179.0,83.0,16915.22,27
450,Sandra Coleman-Gould,"Scientist, physiological",Nicaragua,42.0,192.0,72.0,7750.38,57
451,Mr Craig Watson,"Programmer, multimedia",Seychelles,39.0,197.0,86.0,3766.77,32
452,Louis Hall,Database administrator,Vietnam,39.0,166.0,60.0,6372.26,48
453,Gregory Patterson,Trading standards officer,Turks and Caicos Islands,66.0,175.0,55.0,2498.77,21
455,Shaun Taylor,Counselling psychologist,Andorra,59.0,150.0,70.0,3177.14,27
456,Charles Hayes,Land,Dominican Republic,23.0,157.0,91.0,9007.51,32
457,Marie Williams,Video editor,Costa Rica,32.0,198.0,85.0,6501.65,47
458,Valerie Wright-Parsons,"Investment banker, operational",Bangladesh,60.0,184.0,90.0,17465.39,50
460,Jacqueline Connolly,"Nurse, learning disability",Nepal,50.0,196.0,83.0,2800.24,25
461,Lisa Berry-Stewart,Warehouse manager,Antigua and Barbuda,25.0,171.0,66.0,5030.84,36
462,Cheryl Wright,Hydrographic surveyor,Kiribati,61.0,163.0,86.0,5697.61,55
463,Dr Leah Naylor,"Therapist, horticultural",Netherlands Antilles,61.0,175.0,74.0,5459.57,48
465,Victor Kay,"Runner, broadcasting/film/video",Romania,56.0,172.0,61.0,3346.98,26
466,Frank Knight,Sales executive,Tunisia,21.0,163.0,72.0,10490.8,39
467,Kimberley Webb,Site engineer,Australia,23.0,173.0,91.0,4138.34,38
470,Gerald Barry,Hydrographic surveyor,Aruba,69.0,175.0,76.0,3630.16,31
471,Jason Evans,Public relations officer,Iran,47.0,163.0,80.0,3502.12,28
472,Georgina Hanson-Haynes,Adult guidance worker,Kazakhstan,64.0,156.0,55.0,14323.64,43
473,Richard Pearson,"Merchandiser, retail",Djibouti,52.0,152.0,76.0,6471.28,48
474,Mohammed Collins,Learning disability nurse,Mauritius,57.0,196.0,89.0,7667.17,60
475,Ashleigh Davies,Clinical molecular geneticist,Cuba,69.0,172.0,83.0,6361.29,51
477,Keith Shepherd,Television production assistant,Tonga,30.0,192.0,94.0,3881.83,27
479,Miss Jill Harrison,Aid worker,Azerbaijan,59.0,194.0,59.0,6052.26,42
480,Ms Hilary Walters,"Therapist, speech and language",Burundi,47.0,167.0,94.0,52408.01,37
481,Denise Moore,Public relations account executive,Macao,36.0,187.0,66.0,6518.09,33
482,Roger Bradley,Geochemist,French Guiana,34.0,184.0,75.0,9007.51,37
483,Bruce Norton,Technical sales engineer,Djibouti,36.0,164.0,70.0,3380.08,23
484,Glenn Walker-Green,Technical brewer,Suriname,45.0,174.0,77.0,3209.17,23
485,Phillip Buckley,Estate agent,United States Virgin Islands,43.0,186.0,95.0,38075.66,45
486,Paula Herbert,Arts development officer,Saint Martin,54.0,177.0,51.0,5344.63,41
487,Kerry May,Television production assistant,Morocco,43.0,159.0,92.0,7355.65,56
489,Ann Hamilton,"Doctor, hospital",Morocco,26.0,166.0,85.0,7720.94,55
490,Mr Howard Welch,"Scientist, research (physical sciences)",Netherlands Antilles,,188.0,75.0,7735.27,58
491,Mr Mohamed Holt,Water quality scientist,Sierra Leone,18.0,171.0,78.0,3282.5,26
493,Katie Holden,Data scientist,Svalbard & Jan Mayen Islands,64.0,193.0,60.0,5034.64,42
494,Mr Gerald Thomas,Financial manager,Gibraltar,51.0,174.0,89.0,4791.3,37
495,Ms Melissa Morrison,Ambulance person,Dominica,49.0,166.0,60.0,7159.3099999999995,59
496,Dr Connor Wilkinson,"Teacher, primary school",Gabon,65.0,162.0,85.0,4122.21,35
497,Marie Cooke-O'Connor,Clinical molecular geneticist,Turkey,42.0,169.0,98.0,2666.24,21
499,Patrick Marsh,Advertising account executive,Panama,62.0,1530.0,89.0,3513.72,22
500,Arthur Fletcher,Prison officer,Mali,18.0,159.0,84.0,3403.98,29
